cache_type,latency_ms
no_cache,204.577
no_cache,205.41770000000037
no_cache,205.7768000000002
no_cache,204.90569999999985
no_cache,201.70809999999983
no_cache,205.12749999999969
no_cache,202.97470000000038
no_cache,202.54510000000005
no_cache,203.97189999999998
no_cache,204.2693
no_cache,202.73710000000023
no_cache,203.2255000000003
no_cache,200.5379999999999
no_cache,204.3868
no_cache,205.33849999999987
no_cache,205.9879999999996
no_cache,205.24619999999948
no_cache,203.46229999999997
no_cache,215.11899999999963
no_cache,205.5756000000004
no_cache,203.47209999999993
no_cache,203.38930000000045
no_cache,203.5077999999997
no_cache,206.3440999999999
no_cache,203.39820000000054
no_cache,201.81990000000027
no_cache,204.4587
no_cache,202.2239999999993
no_cache,201.85379999999853
no_cache,200.2487000000013
no_cache,201.2470000000004
no_cache,204.61280000000136
no_cache,201.47700000000057
no_cache,204.96209999999948
no_cache,204.50190000000035
no_cache,204.3543000000003
no_cache,202.14589999999964
no_cache,204.6934999999994
no_cache,201.58180000000135
no_cache,204.14149999999864
no_cache,201.8500000000003
no_cache,200.7216000000014
no_cache,202.18110000000067
no_cache,203.7475999999998
no_cache,203.83960000000025
no_cache,201.48969999999977
no_cache,204.34769999999958
no_cache,203.8935999999989
no_cache,201.1763999999996
no_cache,205.66740000000118
no_cache,202.67450000000053
no_cache,203.02560000000014
no_cache,203.03179999999975
no_cache,201.40789999999953
no_cache,202.47039999999927
no_cache,202.46209999999996
no_cache,203.48219999999984
no_cache,204.4265000000003
no_cache,204.22800000000052
no_cache,202.7940000000008
no_cache,202.77710000000047
no_cache,201.54450000000068
no_cache,205.366699999999
no_cache,205.8637000000001
no_cache,201.80749999999748
no_cache,201.00170000000261
no_cache,202.67240000000086
no_cache,202.90490000000005
no_cache,202.07530000000062
no_cache,202.6518000000017
no_cache,204.0715000000013
no_cache,203.23610000000158
no_cache,202.51679999999794
no_cache,202.1045000000008
no_cache,203.95969999999863
no_cache,204.91160000000264
no_cache,202.7037000000007
no_cache,200.25030000000044
no_cache,202.32079999999897
no_cache,203.3301999999999
no_cache,203.2196000000006
no_cache,202.84189999999924
no_cache,205.74900000000085
no_cache,203.80499999999913
no_cache,204.14369999999948
no_cache,205.5612999999994
no_cache,203.89020000000002
no_cache,203.27759999999984
no_cache,201.58929999999842
no_cache,201.67220000000086
no_cache,203.3050000000003
no_cache,203.99989999999946
no_cache,204.024399999998
no_cache,204.15979999999934
no_cache,203.61060000000109
no_cache,205.25499999999752
no_cache,203.80859999999856
no_cache,203.06710000000194
no_cache,206.16140000000271
no_cache,204.10780000000273
no_cache,201.62260000000032
no_cache,203.6120999999973
no_cache,203.46019999999854
no_cache,201.6227999999991
no_cache,203.75620000000083
no_cache,205.43130000000076
no_cache,214.56520000000268
no_cache,203.86710000000008
no_cache,203.54500000000186
no_cache,203.30640000000244
no_cache,205.20020000000017
no_cache,202.21580000000117
no_cache,200.21020000000078
no_cache,204.05560000000023
no_cache,204.09919999999815
no_cache,203.47480000000218
no_cache,203.55670000000003
no_cache,202.78749999999945
no_cache,201.55030000000096
no_cache,202.77439999999913
no_cache,202.30069999999856
no_cache,201.9498000000013
no_cache,203.2051999999993
no_cache,201.42279999999957
no_cache,202.55329999999816
no_cache,204.34030000000192
no_cache,205.58609999999788
no_cache,202.1519000000005
no_cache,202.78740000000184
no_cache,201.92980000000205
no_cache,203.80099999999857
no_cache,204.25019999999705
no_cache,202.59040000000184
no_cache,203.04630000000046
no_cache,203.27389999999923
no_cache,200.25200000000254
no_cache,203.6301000000016
no_cache,203.6054000000007
no_cache,202.92389999999827
no_cache,202.85209999999765
no_cache,203.79590000000292
no_cache,202.15530000000115
no_cache,202.85259999999994
no_cache,202.74089999999845
no_cache,214.11390000000097
no_cache,204.08129999999858
no_cache,200.5892999999972
no_cache,202.68130000000184
no_cache,205.15970000000294
no_cache,203.16199999999895
no_cache,204.8772999999997
no_cache,204.1429000000008
no_cache,204.04890000000364
no_cache,203.2901000000038
no_cache,202.64410000000055
no_cache,204.52290000000062
no_cache,201.4758000000043
no_cache,201.09500000000224
no_cache,201.50070000000397
no_cache,205.54440000000085
no_cache,204.46119999999723
no_cache,201.66359999999628
no_cache,203.98409999999956
no_cache,200.95620000000025
no_cache,203.48160000000348
no_cache,205.01000000000147
no_cache,202.71960000000178
no_cache,201.28370000000473
no_cache,205.2824999999956
no_cache,202.3390999999961
no_cache,201.4501000000024
no_cache,205.77140000000327
no_cache,203.05110000000326
no_cache,201.6344000000032
no_cache,202.7671999999967
no_cache,205.5748999999949
no_cache,205.4095000000018
no_cache,202.16819999999558
no_cache,205.65459999999547
no_cache,202.56580000000213
no_cache,203.24870000000317
no_cache,200.9855000000016
no_cache,201.53270000000134
no_cache,203.65710000000092
no_cache,202.86920000000208
no_cache,203.8637999999935
no_cache,201.77449999999908
no_cache,203.4963999999988
no_cache,202.84019999999714
no_cache,202.66199999999657
no_cache,201.17950000000207
no_cache,204.22609999999963
no_cache,202.7421000000018
no_cache,200.43309999999792
no_cache,200.43460000000124
no_cache,204.74450000000388
no_cache,204.61660000000137
no_cache,203.13320000000346
no_cache,204.60170000000488
no_cache,203.17140000000222
no_cache,203.45629999999915
no_cache,203.09199999999805
no_cache,201.48269999999968
no_cache,202.79359999999969
no_cache,202.1601000000004
no_cache,201.5000000000029
no_cache,202.8800000000004
no_cache,203.71370000000155
no_cache,202.16709999999694
no_cache,201.57259999999866
no_cache,202.80419999999566
no_cache,202.28329999999772
no_cache,201.8751000000023
no_cache,202.94059999999803
no_cache,206.1606999999981
no_cache,206.41299999999774
no_cache,206.16820000000047
no_cache,201.01640000000032
no_cache,202.26689999999792
no_cache,202.0915999999957
no_cache,204.42369999999954
no_cache,201.66869999999903
no_cache,206.40829999999966
no_cache,203.03739999999948
no_cache,203.2674999999955
no_cache,204.4468000000066
no_cache,202.81860000000052
no_cache,203.7981000000002
no_cache,204.42440000000062
no_cache,214.5718999999957
no_cache,201.08220000000188
no_cache,204.04599999999817
no_cache,202.79519999999707
no_cache,202.8066000000024
no_cache,203.91619999999477
no_cache,202.25540000000564
no_cache,203.08990000000193
no_cache,203.55349999999817
no_cache,202.8651000000039
no_cache,202.92320000000075
no_cache,201.2214999999955
no_cache,201.72309999999527
no_cache,203.9139999999975
no_cache,204.0859000000026
no_cache,204.71580000000245
no_cache,201.667300000004
no_cache,204.99310000000293
no_cache,204.67149999999634
no_cache,201.1344999999949
no_cache,202.43190000000055
no_cache,204.02190000000076
no_cache,203.98069999999535
no_cache,200.8074000000022
no_cache,202.04799999999778
no_cache,204.46510000000018
no_cache,204.21590000000123
no_cache,204.6424999999985
no_cache,202.81699999999603
no_cache,202.83819999999508
no_cache,203.19950000000375
no_cache,204.80540000000502
no_cache,204.64060000000472
no_cache,203.1017999999989
no_cache,201.93629999999985
no_cache,201.15159999999577
no_cache,201.56019999999586
no_cache,201.7920999999987
no_cache,201.50999999999897
no_cache,203.7795000000031
no_cache,203.48760000000254
no_cache,203.4009999999995
no_cache,203.42439999999584
no_cache,202.4364000000034
no_cache,200.6418999999937
no_cache,205.2568000000008
no_cache,215.01419999999882
no_cache,203.52659999999645
no_cache,202.8576999999956
no_cache,200.8060999999941
no_cache,200.99780000000322
no_cache,205.62619999999754
no_cache,201.331500000002
no_cache,202.66939999999778
no_cache,203.55019999999513
no_cache,205.14969999999977
no_cache,202.3803000000015
no_cache,200.40579999999864
no_cache,201.5511000000032
no_cache,216.17079999999333
no_cache,206.98110000000014
no_cache,202.52570000000247
no_cache,205.1997999999955
no_cache,204.96890000000434
no_cache,202.50140000000272
no_cache,203.85890000000018
no_cache,202.31330000000014
no_cache,203.3768000000009
no_cache,202.85900000000368
no_cache,200.52229999999582
no_cache,202.1526999999992
no_cache,202.75250000000256
no_cache,204.30410000000165
no_cache,202.85230000000354
no_cache,202.00570000000084
no_cache,203.36829999999395
no_cache,203.03309999999897
no_cache,202.1529999999956
no_cache,204.44420000001173
no_cache,202.80819999999267
no_cache,202.13710000000162
no_cache,203.17199999999502
no_cache,202.3356999999919
no_cache,203.31850000000884
no_cache,203.10039999999674
no_cache,202.46260000000404
no_cache,201.8466000000103
no_cache,203.9008999999936
no_cache,204.8934000000031
no_cache,203.80919999999492
no_cache,204.2504000000065
no_cache,202.8078000000022
no_cache,201.22999999999536
no_cache,201.59889999999336
no_cache,205.2802999999983
no_cache,202.7110999999877
no_cache,205.41950000000497
no_cache,203.5561999999942
no_cache,206.68220000000304
no_cache,203.35380000000214
no_cache,202.5086000000016
no_cache,205.4210000000012
no_cache,205.19319999999652
no_cache,205.3685999999999
no_cache,201.09870000000285
no_cache,203.20870000000468
no_cache,203.6705000000012
no_cache,215.8291999999875
no_cache,205.92630000000156
no_cache,203.8191999999981
no_cache,203.9208000000059
no_cache,205.04999999999995
no_cache,203.15990000000284
no_cache,202.76049999999657
no_cache,206.9151999999974
no_cache,202.8089999999878
no_cache,200.39800000000696
no_cache,204.43120000000192
no_cache,202.83340000000294
no_cache,203.70280000000207
no_cache,203.9504999999906
no_cache,204.12229999999454
no_cache,204.37959999999578
no_cache,203.29710000000034
no_cache,203.21709999998916
no_cache,202.559100000002
no_cache,203.32810000000734
no_cache,201.2054000000063
no_cache,202.94850000000508
no_cache,202.14419999999222
no_cache,205.07200000000125
no_cache,204.09260000000984
no_cache,204.4157999999925
no_cache,202.71689999999865
no_cache,203.91219999999066
no_cache,203.51390000000436
no_cache,207.87169999999833
no_cache,204.0362999999985
no_cache,203.0953000000011
no_cache,214.91720000000214
no_cache,203.55270000000303
no_cache,207.37259999999935
no_cache,204.3517000000037
no_cache,206.20270000000573
no_cache,205.29059999999788
no_cache,204.93949999999472
no_cache,202.45520000000283
no_cache,202.02589999999532
no_cache,204.8534999999987
no_cache,206.37769999999023
no_cache,200.51389999999003
no_cache,200.61710000000232
no_cache,203.2173000000057
no_cache,206.28999999999564
no_cache,201.80500000000734
no_cache,202.8561000000053
no_cache,203.2542000000035
no_cache,202.58040000000221
no_cache,203.5260999999906
no_cache,202.16949999999656
no_cache,203.50439999999992
no_cache,204.32080000000497
no_cache,202.6709000000011
no_cache,202.15469999999414
no_cache,205.23040000000492
no_cache,205.27030000000934
no_cache,203.79210000000114
no_cache,204.23230000000103
no_cache,204.17279999999494
no_cache,204.17190000000573
no_cache,203.02350000000047
no_cache,203.2015000000058
no_cache,203.09720000000198
no_cache,201.41049999999439
no_cache,201.73460000000887
no_cache,204.42559999999332
no_cache,203.0361000000056
no_cache,203.73100000000477
no_cache,201.77520000000015
no_cache,201.41279999999995
no_cache,201.709699999995
no_cache,204.63739999999575
no_cache,204.20529999999815
no_cache,205.40319999999213
no_cache,201.84639999999376
no_cache,200.04589999999212
no_cache,203.26200000000938
no_cache,201.68100000000777
no_cache,203.48589999998978
no_cache,203.00639999999248
no_cache,204.4138999999916
no_cache,203.32399999999495
no_cache,203.70450000000062
no_cache,203.90640000000815
no_cache,202.71670000001052
no_cache,204.70180000000937
no_cache,204.06660000000443
no_cache,214.1696000000053
no_cache,201.10239999999635
no_cache,203.2928999999939
no_cache,204.4455000000056
no_cache,204.73230000000342
no_cache,204.23540000000173
no_cache,205.60380000000578
no_cache,203.97739999999942
no_cache,205.47849999999812
no_cache,206.424300000009
no_cache,204.46319999999218
no_cache,200.28600000000552
no_cache,202.08969999998772
no_cache,205.7947999999925
no_cache,203.12580000000935
no_cache,203.19879999999557
no_cache,201.90350000000024
no_cache,202.45389999999475
no_cache,205.48530000000653
no_cache,203.6609000000027
no_cache,202.6324999999929
no_cache,202.80890000000795
no_cache,204.47320000000957
no_cache,200.1193999999913
no_cache,201.13380000000802
no_cache,202.41269999999645
no_cache,205.5627999999956
no_cache,204.57059999999672
no_cache,203.12009999999248
no_cache,204.19130000000507
no_cache,202.28840000000048
no_cache,201.60990000000822
no_cache,202.8480999999971
no_cache,204.98709999999676
no_cache,202.79859999999417
no_cache,214.7460000000052
no_cache,200.67449999999099
no_cache,204.4262999999944
no_cache,206.42619999999567
no_cache,204.00300000000016
no_cache,204.55139999999972
no_cache,205.1781000000119
no_cache,204.6490000000034
no_cache,203.44049999999925
no_cache,204.38029999999685
no_cache,203.3309999999915
no_cache,202.20549999999093
no_cache,201.23630000000503
no_cache,201.73029999999414
no_cache,202.15829999999357
no_cache,200.81439999999873
no_cache,202.9664000000082
no_cache,204.48939999999993
no_cache,202.59199999999566
no_cache,202.51759999999308
no_cache,203.05460000000153
no_cache,200.42859999999507
no_cache,214.24710000000857
no_cache,214.72880000000316
no_cache,201.90290000000743
no_cache,207.25680000001034
no_cache,206.4678999999927
no_cache,205.42230000000927
no_cache,204.75969999999677
no_cache,205.73869999999772
no_cache,205.47340000000247
no_cache,205.38080000000036
no_cache,203.40199999999697
no_cache,201.3784999999899
no_cache,200.25789999999688
no_cache,214.15299999999604
no_cache,201.61419999999453
no_cache,200.1379999999955
no_cache,204.145699999998
no_cache,202.92789999999172
no_cache,201.95169999999507
no_cache,204.0704000000062
no_cache,202.11129999999855
no_cache,204.5134000000104
no_cache,202.66639999999825
no_cache,204.78139999998746
no_cache,201.57829999999421
no_cache,200.33639999999764
no_cache,201.038099999991
no_cache,204.2750999999896
no_cache,204.2612000000048
no_cache,203.03570000000093
no_cache,203.11959999999374
no_cache,202.0368000000019
no_cache,203.29580000000647
no_cache,203.13079999999673
no_cache,202.9000999999937
no_cache,201.41639999999938
no_cache,201.39290000000187
no_cache,203.12239999999804
no_cache,202.73280000000682
no_cache,203.64100000000462
no_cache,202.42800000001182
no_cache,202.19779999999332
no_cache,202.34640000001036
no_cache,201.24750000000802
no_cache,204.2859999999962
no_cache,201.75720000000297
no_cache,202.54219999999634
no_cache,201.6313000000025
no_cache,214.6835000000067
no_cache,203.19820000000277
no_cache,201.1456000000038
no_cache,203.05330000000765
no_cache,202.68000000000086
no_cache,202.88260000000946
no_cache,203.3595000000048
no_cache,202.46660000000816
no_cache,204.78420000000597
no_cache,204.31070000000773
no_cache,205.13139999999908
no_cache,204.86939999999265
no_cache,201.32579999999223
no_cache,203.35179999999298
no_cache,202.01399999999126
no_cache,204.70809999999062
no_cache,204.79659999999456
no_cache,202.55280000000653
no_cache,202.4212000000034
no_cache,200.49690000000453
no_cache,205.96289999998874
no_cache,202.60840000000258
no_cache,203.74180000000308
no_cache,202.68510000001072
no_cache,200.49160000000654
no_cache,202.5001999999887
no_cache,202.62789999999598
no_cache,202.92510000000163
no_cache,201.1236000000025
no_cache,203.00510000001282
no_cache,200.94810000000507
no_cache,202.16539999999839
no_cache,200.96510000000478
no_cache,206.04860000000258
no_cache,204.77620000001195
no_cache,200.46150000000296
no_cache,200.66470000000436
no_cache,200.75299999999174
no_cache,202.85010000000625
no_cache,205.8729000000028
no_cache,202.05099999999732
no_cache,200.97720000001118
no_cache,204.87029999999606
no_cache,203.7210000000016
no_cache,205.07499999999368
no_cache,203.8390000000021
no_cache,202.83169999999018
no_cache,200.46530000000473
no_cache,205.00940000000867
no_cache,205.93829999999969
no_cache,204.46090000000083
no_cache,204.49930000000904
no_cache,204.48229999999512
no_cache,202.3307999999986
no_cache,205.78480000000354
no_cache,203.39350000000422
no_cache,204.09060000000068
no_cache,203.05820000000097
no_cache,200.7961999999992
no_cache,200.6887000000006
no_cache,203.76499999998998
no_cache,203.67989999999736
no_cache,205.2979999999991
no_cache,203.7057999999945
no_cache,203.99329999999338
no_cache,203.4845999999959
no_cache,204.8027000000019
no_cache,203.58210000000554
no_cache,203.47339999999292
no_cache,204.9853999999982
no_cache,199.9456000000066
no_cache,201.82440000000668
no_cache,201.91119999999785
no_cache,202.88260000000946
no_cache,202.27260000000058
no_cache,203.55600000000607
no_cache,201.54300000000092
no_cache,205.8277000000004
no_cache,203.54240000000345
no_cache,202.97899999999913
no_cache,205.6742999999983
no_cache,202.06939999999918
no_cache,200.83270000000653
no_cache,202.07790000000614
no_cache,203.89560000000984
no_cache,202.38289999997505
no_cache,202.3906000000011
no_cache,203.33360000000766
no_cache,202.57810000001086
no_cache,203.97520000000213
no_cache,204.74559999999542
no_cache,200.93259999998736
no_cache,203.8539000000128
no_cache,203.43460000000846
no_cache,202.13670000001116
no_cache,203.6380000000122
no_cache,202.0313000000158
no_cache,203.20619999998257
no_cache,203.2212999999956
no_cache,204.78950000000395
no_cache,203.39749999999412
no_cache,204.0032000000167
no_cache,203.90919999999824
no_cache,204.22439999998687
no_cache,205.50629999999614
no_cache,201.03879999999208
no_cache,201.930300000015
no_cache,203.0104000000108
no_cache,203.4930000000088
no_cache,203.42130000000225
no_cache,204.57969999998227
no_cache,203.65449999999896
no_cache,203.18269999998506
no_cache,201.2903000000108
no_cache,204.2016999999987
no_cache,202.66570000001138
no_cache,203.003300000006
no_cache,201.03280000000723
no_cache,201.00310000000832
no_cache,204.08150000000091
no_cache,204.30029999999988
no_cache,202.74079999998662
no_cache,204.44219999998836
no_cache,203.16579999999362
no_cache,203.05139999999255
no_cache,203.93480000001318
no_cache,203.70040000000245
no_cache,205.3645999999958
no_cache,201.6363000000183
no_cache,201.09099999999103
no_cache,203.75640000000317
no_cache,206.04679999999576
no_cache,204.3452000000059
no_cache,203.6473000000001
no_cache,204.8877999999945
no_cache,205.69499999999152
no_cache,204.03429999998934
no_cache,202.628500000003
no_cache,203.86270000000195
no_cache,202.81040000000417
no_cache,214.52909999999292
no_cache,202.6819999999816
no_cache,205.3832
no_cache,202.4239999999793
no_cache,204.27709999998456
no_cache,204.2446999999754
no_cache,204.59030000000666
no_cache,204.62469999998234
no_cache,204.98269999998797
no_cache,204.25879999999097
no_cache,203.70909999999753
no_cache,202.84080000001836
no_cache,201.98580000001698
no_cache,202.21449999999663
no_cache,202.2589000000039
no_cache,200.67670000000248
no_cache,204.36330000001135
no_cache,201.34039999999231
no_cache,203.3935999999983
no_cache,204.63979999999538
no_cache,202.34490000001415
no_cache,202.63319999997975
no_cache,201.95590000000152
no_cache,203.11899999998673
no_cache,203.1201000000067
no_cache,202.3664000000167
no_cache,204.1592999999864
no_cache,203.8432999999884
no_cache,201.1449999999968
no_cache,203.96049999999377
no_cache,203.83150000000683
no_cache,203.48350000000437
no_cache,201.09089999999696
no_cache,202.05299999997806
no_cache,205.20059999998352
no_cache,200.0558999999953
no_cache,200.65210000001343
no_cache,204.03029999999944
no_cache,201.3825999999881
no_cache,203.25899999997432
no_cache,201.62650000000326
no_cache,201.22019999999452
no_cache,204.74029999999743
no_cache,205.99630000000957
no_cache,203.05030000000102
no_cache,203.04329999999027
no_cache,203.4125000000131
no_cache,203.08140000000208
no_cache,200.40490000002364
no_cache,204.4781000000171
no_cache,203.58239999998773
no_cache,203.78260000001092
no_cache,204.25939999998377
no_cache,201.62049999999
no_cache,202.3082000000045
no_cache,204.09380000000965
no_cache,204.28160000000162
no_cache,201.9075999999984
no_cache,202.69909999998958
no_cache,200.24089999998296
no_cache,200.54880000000708
no_cache,202.5003000000254
no_cache,204.5695000000194
no_cache,204.3675000000178
no_cache,204.84550000000468
no_cache,205.10860000001685
no_cache,203.28510000001643
no_cache,202.8468000000032
no_cache,205.26739999999677
no_cache,201.57540000002427
no_cache,203.593699999999
no_cache,200.23630000000026
no_cache,202.83610000001318
no_cache,204.12100000001487
no_cache,203.43420000000378
no_cache,205.68620000000237
no_cache,202.30849999998668
no_cache,215.31349999997929
no_cache,205.04760000000033
no_cache,202.219499999984
no_cache,202.26869999999053
no_cache,202.83220000001734
no_cache,201.12710000000789
no_cache,202.3663999999883
no_cache,202.3277000000121
no_cache,202.17379999999707
no_cache,203.32609999999818
no_cache,202.91770000000042
no_cache,200.66589999998996
no_cache,202.95010000000957
no_cache,202.3715999999922
no_cache,204.02540000000613
no_cache,204.4967000000213
no_cache,202.4140999999986
no_cache,214.67020000000048
no_cache,203.9467999999829
no_cache,202.42049999998812
no_cache,203.3570000000111
no_cache,202.34609999999975
no_cache,203.29590000000053
no_cache,201.8923999999913
no_cache,205.93320000000404
no_cache,203.2034000000067
no_cache,202.26320000000442
no_cache,202.92349999999715
no_cache,202.1609999999896
no_cache,200.36609999999655
no_cache,203.69139999999675
no_cache,203.08119999998553
no_cache,201.8381999999974
no_cache,202.33440000001224
no_cache,202.76340000000914
no_cache,204.58189999999377
no_cache,203.49709999999277
no_cache,202.29709999998136
no_cache,203.82720000000631
no_cache,204.87170000001242
no_cache,203.9282000000071
no_cache,201.3862999999958
no_cache,203.3529999999928
no_cache,205.36930000000098
no_cache,203.01830000002496
no_cache,204.15170000001126
no_cache,204.05080000000453
no_cache,203.8037000000088
no_cache,202.2427999999934
no_cache,203.03590000000327
no_cache,202.63740000001462
no_cache,203.88839999998254
no_cache,203.16849999997544
no_cache,215.04079999999703
no_cache,203.74780000000214
no_cache,203.22729999998046
no_cache,202.94599999999718
no_cache,204.36200000000326
no_cache,202.49499999999898
no_cache,203.87879999998404
no_cache,202.6448999999957
no_cache,204.99650000002134
no_cache,203.8748999999882
no_cache,203.093999999993
no_cache,203.75430000001415
no_cache,201.9521999999938
no_cache,204.72139999998262
no_cache,203.6502999999925
no_cache,204.46699999999396
no_cache,202.98439999999118
no_cache,200.09760000002075
no_cache,203.45799999998349
no_cache,203.25370000000476
no_cache,203.17110000002003
no_cache,202.40780000000314
no_cache,201.92439999999579
no_cache,201.562899999999
no_cache,201.17139999999267
no_cache,205.75660000000084
no_cache,202.33740000000466
no_cache,203.52270000000772
no_cache,202.78810000002068
no_cache,202.77770000001283
no_cache,204.56949999999097
no_cache,204.9780000000112
no_cache,204.15750000000799
no_cache,204.9968999999976
no_cache,203.20870000000468
no_cache,201.01929999998447
no_cache,200.69699999999102
no_cache,204.3706000000043
no_cache,203.66759999998862
no_cache,203.52260000001365
no_cache,202.98379999999838
no_cache,203.1235000000038
no_cache,201.57830000002264
no_cache,202.78610000002573
no_cache,203.83939999999257
no_cache,204.5419000000095
no_cache,205.33679999999777
no_cache,203.50819999998748
no_cache,200.70959999998195
no_cache,203.14100000001645
no_cache,202.18990000000758
no_cache,203.8336999999899
no_cache,204.14420000000177
no_cache,202.83889999998905
no_cache,202.3977000000059
no_cache,202.286799999996
no_cache,204.39030000000002
no_cache,204.6636000000035
no_cache,202.54299999999148
no_cache,241.08770000000845
no_cache,208.19370000000958
no_cache,205.0722000000178
no_cache,205.00210000000152
no_cache,202.87210000000755
no_cache,203.0732999999998
no_cache,204.30029999999988
no_cache,204.90190000001007
no_cache,204.87130000000775
no_cache,206.49679999999648
no_cache,204.8831999999834
no_cache,203.59630000001516
no_cache,214.4202000000064
no_cache,202.72330000000238
no_cache,202.88259999998104
no_cache,203.02829999999972
no_cache,203.98679999999558
no_cache,202.35869999999068
no_cache,202.48879999999758
no_cache,201.71750000000088
no_cache,203.08019999998805
no_cache,203.41009999998505
no_cache,203.17190000000096
no_cache,214.66230000001474
no_cache,202.70750000000248
no_cache,203.71529999999893
no_cache,202.2126999999898
no_cache,204.19369999999049
no_cache,203.57799999999315
no_cache,205.67859999999882
no_cache,203.29440000000432
no_cache,205.3147000000024
no_cache,205.23739999998725
no_cache,203.32839999997532
no_cache,204.7561999999914
no_cache,214.78210000000786
no_cache,218.75040000000467
no_cache,206.46099999999024
no_cache,206.43010000000572
no_cache,205.16119999999205
no_cache,204.2993000000024
no_cache,200.40879999999106
no_cache,203.94790000000285
no_cache,203.877800000015
no_cache,201.21110000002318
no_cache,202.92249999999967
no_cache,200.48970000001987
no_cache,201.58929999999486
no_cache,204.42950000000337
no_cache,203.1992999999943
no_cache,201.52030000002696
no_cache,204.39299999998184
no_cache,208.98729999998977
no_cache,212.61009999997782
no_cache,203.61879999998678
no_cache,204.4956999999954
no_cache,205.51299999999628
no_cache,203.24899999999957
no_cache,201.0721999999987
no_cache,204.43319999998266
no_cache,204.0896000000032
no_cache,204.4281999999953
no_cache,203.47029999999222
no_cache,204.92430000001605
no_cache,202.2805999999946
no_cache,204.2453999999907
no_cache,203.1642999999974
no_cache,215.2262000000178
no_cache,202.561199999991
no_cache,200.6838000000073
no_cache,201.9149999999854
no_cache,203.4433999999976
no_cache,205.4414000000122
no_cache,204.46590000000242
no_cache,206.405100000012
no_cache,205.44320000001903
no_cache,204.48099999998703
no_cache,205.44660000001613
no_cache,204.45929999999635
no_cache,204.4679000000258
no_cache,206.35380000001646
no_cache,215.17339999999763
no_cache,204.24489999999196
no_cache,205.46099999998546
no_cache,205.4369999999892
no_cache,205.40600000001064
no_cache,205.44860000001108
no_cache,204.53870000000052
no_cache,206.3942000000054
no_cache,204.47050000001354
no_cache,206.41419999998334
no_cache,204.48950000002242
no_cache,203.07040000000143
no_cache,202.85219999999526
no_cache,204.38269999999648
no_cache,204.5295000000067
no_cache,205.43319999998744
no_cache,206.3904999999977
no_cache,205.46410000000037
no_cache,206.4249000000018
no_cache,205.43530000000487
no_cache,206.5172000000075
no_cache,204.4290999999987
no_cache,206.17530000001238
no_cache,202.78339999998707
no_cache,204.29010000000858
no_cache,207.40609999998583
no_cache,205.44709999998645
no_cache,203.47399999999993
no_cache,207.4271999999837
no_cache,205.48949999999877
no_cache,201.43110000000775
no_cache,205.43480000000613
no_cache,203.87170000000765
no_cache,206.3501999999744
no_cache,204.74649999999883
no_cache,201.6975999999886
no_cache,203.59909999999104
no_cache,205.07599999999115
no_cache,201.25700000002666
no_cache,202.23509999999578
no_cache,202.9706999999803
no_cache,206.50230000001102
no_cache,203.50910000001932
no_cache,201.1430999999959
no_cache,204.4418000000121
no_cache,208.79320000000234
no_cache,212.56800000000453
no_cache,201.66329999997856
no_cache,206.7246999999952
no_cache,200.6259000000057
no_cache,203.55770000000462
no_cache,202.35980000001064
no_cache,202.40830000000187
no_cache,204.9724000000026
no_cache,200.20660000000134
no_cache,205.77280000000542
no_cache,203.22089999999093
no_cache,202.9706999999803
no_cache,201.6947999999843
lru,201.35110000001077
lru,203.06070000000886
lru,201.53379999999288
lru,203.19239999997762
lru,201.58029999998917
lru,203.06850000000054
lru,203.74959999998055
lru,200.92759999999998
lru,203.39250000000675
lru,203.67150000001288
lru,203.73750000001678
lru,214.23559999999497
lru,202.38640000002306
lru,200.99619999999163
lru,203.43310000001225
lru,204.93970000001127
lru,203.89509999998268
lru,202.10879999999065
lru,203.4021999999993
lru,202.76179999999044
lru,202.0176000000049
lru,204.01319999999146
lru,215.34330000000068
lru,202.2149000000013
lru,202.17110000001526
lru,202.79519999999707
lru,202.86070000000223
lru,201.44790000000512
lru,200.47700000000646
lru,202.5222000000042
lru,202.23759999998947
lru,203.64860000000817
lru,203.42400000001248
lru,203.51089999999772
lru,214.740699999993
lru,203.58280000002082
lru,204.66159999998013
lru,202.49499999999898
lru,202.82249999999635
lru,203.20359999999482
lru,205.00479999998333
lru,200.81059999998274
lru,202.21720000000687
lru,201.1167999999941
lru,204.0303999999935
lru,201.2662000000205
lru,201.16620000001717
lru,202.5993000000028
lru,204.78979999998614
lru,200.67070000001763
lru,204.18999999998277
lru,203.29680000000394
lru,201.3544000000138
lru,204.26290000000336
lru,203.1338999999832
lru,205.97680000000196
lru,204.0422000000035
lru,200.49069999998892
lru,201.11700000001065
lru,206.4003999999784
lru,205.47460000000228
lru,205.44000000001006
lru,202.5377000000219
lru,204.28620000001274
lru,205.60889999998722
lru,206.26470000001973
lru,0.01950000000761065
lru,204.93410000000267
lru,203.28329999998118
lru,204.458499999987
lru,214.90670000000023
lru,201.4243999999792
lru,206.69150000000514
lru,202.19840000001454
lru,205.6688000000122
lru,201.6366000000005
lru,204.12020000000552
lru,0.019600000001673834
lru,202.41920000000846
lru,206.0758000000078
lru,202.96070000000555
lru,204.0666999999985
lru,202.69700000000057
lru,214.28239999997345
lru,204.92050000001427
lru,204.78969999999208
lru,204.026099999993
lru,202.76800000002027
lru,0.004600000011123484
lru,202.422399999989
lru,202.93620000001056
lru,201.85289999997735
lru,0.014200000009623182
lru,203.12770000001024
lru,201.816000000008
lru,204.438400000015
lru,0.022200000017846833
lru,201.7725999999982
lru,0.004899999993313031
lru,201.72779999998625
lru,0.021899999978813867
lru,203.736699999979
lru,203.76970000000938
lru,201.65719999999965
lru,203.28589999999735
lru,202.30899999998542
lru,203.08460000001105
lru,201.92090000000462
lru,202.68859999998767
lru,203.58260000000428
lru,201.92910000000097
lru,202.2972999999979
lru,202.01209999999037
lru,0.00529999999798747
lru,203.95959999999036
lru,0.006399999989525895
lru,206.09989999999812
lru,0.024200000012797318
lru,204.83559999999557
lru,203.8225999999952
lru,203.67239999998787
lru,203.2669000000169
lru,205.062799999979
lru,203.7542000000201
lru,202.3285999999871
lru,201.73579999999447
lru,214.5823999999834
lru,203.16120000001092
lru,205.56080000000065
lru,203.60029999997664
lru,201.7729000000088
lru,202.076500000004
lru,201.25319999999647
lru,203.3557999999971
lru,203.58459999999923
lru,203.29810000001203
lru,202.33070000000453
lru,0.011600000021871892
lru,203.4577000000013
lru,215.8239999999978
lru,203.09760000000665
lru,0.025899999997136547
lru,202.28699999998412
lru,204.28279999998722
lru,204.82640000000174
lru,201.96569999998815
lru,205.71160000000077
lru,201.6418999999985
lru,201.45030000000475
lru,204.4802000000061
lru,206.20879999998465
lru,202.55509999998367
lru,201.87059999997814
lru,202.47650000001727
lru,203.76450000000546
lru,205.03370000000132
lru,201.61469999999326
lru,204.89979999999264
lru,202.51269999999977
lru,0.013099999989663047
lru,200.80970000000775
lru,0.01639999999270003
lru,202.40530000000945
lru,202.58380000001353
lru,203.20110000000113
lru,201.46650000000932
lru,205.16960000000495
lru,202.2640999999794
lru,202.61179999999968
lru,0.010500000001911758
lru,202.71360000000982
lru,203.48690000000147
lru,203.10300000002712
lru,204.53900000001113
lru,0.01100000000064938
lru,0.006000000013273166
lru,201.43790000000195
lru,203.34789999998293
lru,203.6631
lru,0.006700000000137152
lru,202.77529999998478
lru,0.015699999977414336
lru,201.3757999999939
lru,204.08499999999208
lru,202.08409999997912
lru,202.5658999999962
lru,203.14160000000925
lru,202.84330000001205
lru,205.23269999998206
lru,205.66049999999336
lru,203.40989999999692
lru,202.3070000000189
lru,204.81870000000413
lru,200.3660000000025
lru,202.02080000001388
lru,0.012999999995599865
lru,202.37630000002582
lru,203.45559999998386
lru,0.021000000003823516
lru,201.77889999999366
lru,203.1639999999868
lru,204.02780000000575
lru,203.06729999998652
lru,203.61019999998575
lru,203.28450000002363
lru,200.67729999999528
lru,203.306600000019
lru,214.58880000000136
lru,201.6346999999996
lru,203.79650000000993
lru,0.008500000006961272
lru,204.44169999998962
lru,204.11379999998758
lru,203.57769999998254
lru,202.0861000000025
lru,202.39379999998164
lru,203.00790000001712
lru,0.02209999999536194
lru,202.91310000001772
lru,202.78920000001222
lru,202.56779999999708
lru,200.56800000000408
lru,202.42180000002463
lru,204.57700000000045
lru,205.26949999998578
lru,0.026199999979326094
lru,203.04419999999368
lru,202.12399999999775
lru,203.64670000000729
lru,203.24159999998415
lru,0.005899999990788274
lru,0.0026000000161729986
lru,204.71820000000207
lru,201.8827999999928
lru,202.79899999999884
lru,204.7996000000012
lru,214.841100000001
lru,0.022599999994099562
lru,203.90199999999936
lru,203.63619999997695
lru,203.58340000001363
lru,202.06779999998048
lru,204.8704999999984
lru,0.011099999994712562
lru,201.3648999999873
lru,202.58590000000254
lru,203.18159999999352
lru,202.80139999999847
lru,202.97869999998852
lru,200.67649999998594
lru,200.4485999999872
lru,203.8593999999989
lru,203.2906999999966
lru,0.014200000009623182
lru,201.0199000000057
lru,203.53629999999612
lru,204.36799999998811
lru,202.21069999999486
lru,204.00569999998197
lru,203.41670000001955
lru,202.122299999985
lru,203.27360000001704
lru,202.66280000001302
lru,202.30720000000701
lru,202.17230000000086
lru,0.014500000020234438
lru,203.8675000000012
lru,204.00330000001077
lru,204.01329999998552
lru,201.93169999998872
lru,204.29350000000568
lru,205.38239999999064
lru,0.008299999990413198
lru,203.7235000000237
lru,203.21150000000898
lru,205.5443000000423
lru,203.62210000001824
lru,203.13160000000607
lru,203.7283999999886
lru,203.74720000000934
lru,205.9582999999634
lru,0.01590000005080583
lru,215.4100999999855
lru,202.52670000002126
lru,204.4496000000322
lru,203.10899999998355
lru,205.07430000003524
lru,203.487999999993
lru,202.86060000000816
lru,215.04270000002634
lru,203.70410000003858
lru,203.36309999999003
lru,203.57940000002372
lru,203.5408000000416
lru,200.63820000001442
lru,202.5796000000355
lru,203.87950000002775
lru,203.0154000000266
lru,204.5329000000038
lru,203.3036999999922
lru,201.27870000004577
lru,215.00789999998915
lru,202.5879000000259
lru,203.73409999996284
lru,202.67970000003288
lru,201.51429999998527
lru,202.98249999996187
lru,0.02829999999676147
lru,201.696400000003
lru,205.37830000000667
lru,202.34979999997904
lru,202.37279999997781
lru,203.88589999998885
lru,201.5011999999956
lru,201.5351999999666
lru,203.20759999998472
lru,203.2513999999992
lru,201.11610000003566
lru,203.79400000001624
lru,202.2724999999923
lru,203.18699999995715
lru,204.08659999998235
lru,201.8954999999778
lru,204.03680000003988
lru,202.66079999998965
lru,201.38780000002043
lru,0.008299999990413198
lru,203.76299999998082
lru,205.4092000000196
lru,203.32179999996924
lru,202.1985000000086
lru,202.0635000000084
lru,202.21749999996064
lru,202.68470000002026
lru,202.7056000000016
lru,202.98669999999674
lru,202.48259999999618
lru,202.93750000001864
lru,203.89979999998786
lru,205.32829999996238
lru,202.68040000001974
lru,203.2753000000298
lru,202.53439999999046
lru,203.4305000000245
lru,203.8895000000025
lru,202.92569999998022
lru,201.4229000000114
lru,201.81370000000243
lru,0.02819999997427658
lru,202.99330000000282
lru,200.39750000000822
lru,200.8480000000077
lru,202.35420000000204
lru,205.30199999996057
lru,0.012299999980314169
lru,0.006900000016685226
lru,202.3512000000096
lru,203.83189999995466
lru,203.3971999999835
lru,202.67620000004172
lru,201.9902999999772
lru,201.53930000003584
lru,202.3646000000099
lru,201.39030000001412
lru,204.72780000000057
lru,201.26430000004802
lru,203.6420000000021
lru,0.01639999999270003
lru,201.17620000002034
lru,202.63670000002776
lru,203.6047999999937
lru,0.011299999982838926
lru,201.4564000000405
lru,202.16110000001208
lru,203.48260000002938
lru,201.11609999997881
lru,202.89959999996654
lru,202.74860000000672
lru,200.979899999993
lru,0.007900000014160469
lru,200.63949999996566
lru,204.04489999998532
lru,203.84169999999813
lru,0.010300000042207103
lru,204.0903000000185
lru,203.04120000002968
lru,202.321300000051
lru,203.86300000001256
lru,204.35100000003104
lru,205.16800000001467
lru,205.2605000000085
lru,201.86940000002096
lru,201.04479999997693
lru,202.56340000003092
lru,202.3302000000058
lru,204.85229999997046
lru,204.46259999999938
lru,205.75289999999313
lru,203.45820000000003
lru,202.88659999999936
lru,204.0063000000032
lru,205.36960000004
lru,203.53299999999308
lru,201.6356999999971
lru,200.14650000001666
lru,202.08249999996042
lru,203.74259999999822
lru,205.78380000000607
lru,204.28210000000036
lru,204.80880000002344
lru,203.30460000002404
lru,0.015200000007098424
lru,204.35620000000654
lru,203.54449999996405
lru,202.891999999963
lru,204.7368000000347
lru,200.35219999999754
lru,203.5592999999949
lru,204.02119999999968
lru,0.01550000001770968
lru,0.014799999974002276
lru,203.51060000001553
lru,203.49979999997458
lru,205.17849999998816
lru,203.5908999999947
lru,205.14280000003282
lru,201.76420000001372
lru,203.32309999997733
lru,205.87109999996756
lru,202.43779999998424
lru,215.08370000003652
lru,203.02359999999453
lru,204.25669999997353
lru,0.011099999994712562
lru,201.29809999997406
lru,202.69560000002684
lru,206.22429999997394
lru,0.00879999998915082
lru,204.1394999999966
lru,203.225400000008
lru,202.06699999999955
lru,203.10390000003054
lru,202.08239999999478
lru,202.92690000002267
lru,202.34870000001592
lru,201.68289999998024
lru,202.56150000000162
lru,201.84739999996282
lru,207.02560000000858
lru,204.25399999999172
lru,202.9903000000104
lru,202.59599999997135
lru,203.09469999995144
lru,206.86810000000833
lru,204.82390000000805
lru,201.57219999998688
lru,203.46419999998488
lru,204.42149999996673
lru,201.81340000004866
lru,204.44589999999607
lru,204.5448999999735
lru,203.48920000003545
lru,202.63850000003458
lru,207.13080000001582
lru,0.023999999996249244
lru,203.82369999998673
lru,203.22229999999308
lru,201.06799999996383
lru,214.38069999999243
lru,203.54629999997087
lru,202.9110000000287
lru,0.013400000000274304
lru,202.7415000000019
lru,204.9207000000024
lru,202.04810000001316
lru,203.57029999996712
lru,202.02250000005506
lru,201.906699999995
lru,202.67189999998436
lru,201.41869999997652
lru,204.04610000002776
lru,200.979000000018
lru,203.41460000003053
lru,202.73179999998092
lru,202.1558000000141
lru,201.5152000000171
lru,204.2056999999886
lru,202.2098999999571
lru,202.88170000003447
lru,202.97690000001012
lru,203.50309999997762
lru,204.50530000005074
lru,202.76300000000447
lru,201.69250000003558
lru,202.9471999999828
lru,203.64380000000892
lru,201.50319999999056
lru,205.03190000005134
lru,203.72180000003937
lru,0.022300000011910015
lru,203.06790000000774
lru,203.0213000000458
lru,0.014399999997749546
lru,204.496000000006
lru,204.04449999995222
lru,0.00529999999798747
lru,201.0377999999946
lru,200.5988999999886
lru,205.98600000005263
lru,204.97799999998279
lru,215.36939999998594
lru,201.34799999999586
lru,203.24199999998882
lru,0.012200000014672696
lru,201.939799999991
lru,205.4540999999972
lru,205.03089999999702
lru,204.0681999999947
lru,203.21850000004815
lru,202.86440000000994
lru,0.009000000034120603
lru,203.37610000001405
lru,203.58579999998483
lru,0.008699999966665928
lru,204.51309999998557
lru,206.7143000000442
lru,202.1866999999702
lru,202.4963999999727
lru,203.74799999996185
lru,204.33819999999514
lru,206.3105999999948
lru,205.07679999997208
lru,201.80109999995466
lru,200.24219999999104
lru,201.87930000003007
lru,202.25759999999582
lru,203.83090000001403
lru,201.8702000000303
lru,203.06970000001456
lru,204.2973999999731
lru,204.26629999997203
lru,204.77529999999433
lru,0.0042000000348707545
lru,204.0671000000316
lru,0.009400000010373333
lru,0.0033000000030369847
lru,203.45180000003893
lru,200.5773000000204
lru,200.4049999999893
lru,205.43109999999842
lru,203.44260000001668
lru,205.50490000005084
lru,204.39240000001746
lru,0.004799999999249849
lru,205.48150000001897
lru,205.9239999999818
lru,204.94780000001356
lru,206.19360000000597
lru,202.56269999998722
lru,0.02340000003187015
lru,203.28350000005457
lru,202.15810000001966
lru,202.38949999998113
lru,205.22729999999
lru,201.16500000000315
lru,204.59990000000516
lru,203.3997999999997
lru,203.01770000003216
lru,204.46579999997994
lru,201.54859999996688
lru,0.004699999976764957
lru,204.1421999999784
lru,0.005100000009861105
lru,204.4228999999973
lru,200.6631000000425
lru,201.83499999996002
lru,206.49590000004991
lru,202.4112999999943
lru,204.29169999999885
lru,0.012200000014672696
lru,204.62989999998626
lru,202.08619999999655
lru,203.87690000001157
lru,203.53349999999182
lru,204.3929000000162
lru,204.29400000000442
lru,204.1606000000229
lru,201.14289999997936
lru,204.5828000000256
lru,205.37660000002234
lru,0.01099999997222767
lru,0.005900000019209983
lru,205.28590000003533
lru,204.18349999999919
lru,205.09299999997666
lru,205.60569999997824
lru,205.40140000002793
lru,205.40560000000596
lru,203.49160000000666
lru,202.54070000004276
lru,200.81899999996722
lru,201.90809999996873
lru,203.16680000001952
lru,206.11500000001115
lru,204.43879999999126
lru,205.49749999997857
lru,205.38360000000466
lru,204.8146999999858
lru,203.0130999999642
lru,202.54070000004276
lru,200.81899999996722
lru,201.90809999996873
lru,203.16680000001952
lru,206.11500000001115
lru,204.43879999999126
lru,205.49749999997857
lru,205.38360000000466
lru,204.8146999999858
lru,203.0130999999642
lru,202.54070000004276
lru,200.81899999996722
lru,201.90809999996873
lru,203.16680000001952
lru,206.11500000001115
lru,204.43879999999126
lru,205.49749999997857
lru,205.38360000000466
lru,204.8146999999858
lru,203.0130999999642
lru,202.54070000004276
lru,200.81899999996722
lru,201.90809999996873
lru,203.16680000001952
lru,206.11500000001115
lru,204.43879999999126
lru,205.49749999997857
lru,205.38360000000466
lru,204.8146999999858
lru,203.0130999999642
lru,202.54070000004276
lru,200.81899999996722
lru,201.90809999996873
lru,203.16680000001952
lru,206.11500000001115
lru,204.43879999999126
lru,205.49749999997857
lru,205.38360000000466
lru,204.8146999999858
lru,203.0130999999642
lru,202.54070000004276
lru,200.81899999996722
lru,201.90809999996873
lru,203.16680000001952
lru,206.11500000001115
lru,204.43879999999126
lru,205.49749999997857
lru,205.38360000000466
lru,204.8146999999858
lru,203.0130999999642
lru,205.38360000000466
lru,204.8146999999858
lru,203.0130999999642
lru,203.81899999995312
lru,205.987499999992
lru,200.29169999997976
lru,201.67550000002166
lru,0.0072999999929379555
lru,205.24050000000216
lru,206.46279999999706
lru,204.477699999984
lru,205.14499999995905
lru,205.4753999999548
lru,207.36709999999903
lru,205.46009999998205
lru,204.85509999997475
lru,206.4206000000013
lru,204.9799000000121
lru,201.8003999999678
lru,203.4620000000018
lru,205.4693000000043
lru,202.91240000000244
lru,0.008600000001024455
lru,201.7148000000475
lru,206.6115999999738
lru,204.63919999997415
lru,205.36899999996194
lru,203.2948999999462
lru,0.013099999989663047
lru,202.76180000001887
lru,205.1457999999684
lru,202.35640000004196
lru,202.74610000001303
lru,204.12110000000894
lru,0.005199999975502578
lru,205.1529999999957
lru,204.92330000001857
lru,203.3672000000024
lru,202.49039999998786
lru,0.006100000007336348
lru,200.48289999999724
lru,204.48410000000194
lru,201.7695000000117
lru,0.019199999996999395
lru,203.79550000001245
lru,204.54760000001215
lru,201.0764999999992
lru,201.1898999999744
lru,202.21820000000434
lru,203.26679999999442
lru,204.00990000001684
lru,203.3969999999954
lru,200.92529999999442
lru,202.86529999998493
lru,203.94329999999172
lru,203.1398999999965
lru,203.16960000002382
lru,203.59490000004143
lru,201.2717000000066
lru,204.39520000002176
lru,204.75349999998116
lru,205.20720000001802
lru,204.48590000000877
lru,201.81270000000495
lru,202.98359999998183
lru,206.47630000001982
lru,205.28460000002724
lru,204.1814000000386
lru,205.50809999997455
lru,202.0090000000323
lru,202.35189999999648
lru,202.52460000000383
lru,203.24940000000424
lru,202.77860000004466
lru,203.87610000000222
lru,0.018399999987650517
lru,202.33060000003888
lru,202.98919999999043
lru,202.11919999997008
lru,204.7392000000059
lru,201.39020000004848
lru,202.4273999999764
lru,203.09670000000324
lru,202.79969999995728
lru,0.009599999998499698
lru,201.98169999997617
lru,205.20920000001297
lru,202.01009999999542
lru,0.010400000007848575
lru,204.36519999998382
lru,204.81399999999894
lru,204.57420000002458
lru,206.11790000003793
lru,202.49520000004395
lru,201.28549999998313
lru,201.54100000002018
lru,214.7851000000287
lru,201.93039999998064
lru,202.40219999999454
lru,202.0137999999747
lru,203.05329999996502
lru,202.16859999999315
lru,205.94729999999117
lru,203.71049999999968
lru,204.4516999999928
lru,203.18439999999782
lru,214.74280000001045
lru,0.012900000001536682
lru,201.9399000000135
lru,200.82280000002584
lru,202.83720000003314
lru,0.01330000003463283
lru,202.43980000003603
lru,203.6387999999647
lru,202.747899999963
lru,202.50690000000304
lru,203.29320000001871
lru,202.88410000000567
lru,200.10889999997516
lru,203.61239999999725
lru,204.35190000000603
lru,203.2844999999952
lru,201.5107999999941
lru,204.47300000000723
lru,204.77360000001
lru,204.4243999999935
lru,0.006100000007336348
lru,203.45380000003388
lru,202.5500999999963
lru,205.32539999999244
lru,202.06569999999147
lru,205.48150000001897
lru,204.99810000001162
lru,203.76179999999522
lru,214.9850999999785
lru,201.06269999996584
lru,202.85429999995586
lru,203.75740000002907
lru,200.11400000004187
lru,205.75969999998733
lru,200.66910000002736
lru,0.007400000015422847
lru,205.1940999999715
lru,205.90559999999414
lru,202.74409999996124
lru,205.14800000000832
lru,201.2253000000328
lru,200.6111999999689
lru,205.3260999999793
lru,203.68109999998296
lru,200.93079999998054
lru,203.30020000000104
lru,204.40549999995028
lru,204.53229999998257
lru,0.013500000022759195
lru,201.37039999997342
lru,204.99209999996992
lru,203.61990000003516
lru,204.12600000003067
lru,201.62690000000794
lru,204.7079000000167
lru,204.27630000000363
lru,205.28860000001714
lru,202.6688000000263
lru,203.31300000003694
lru,203.77029999997376
lru,204.41649999997935
lru,203.97710000003144
lru,201.86720000003788
lru,205.24319999998397
lru,203.45279999997956
lru,200.75370000000703
lru,202.9130999999893
lru,214.72460000001092
lru,202.6407999999833
lru,202.5164000000359
lru,204.09329999995407
lru,201.9270999999776
lru,203.38100000003578
lru,203.34950000000163
lru,203.31690000000435
lru,202.05310000000054
lru,200.99440000001323
lru,203.0505999999832
lru,200.076700000011
lru,202.21679999997377
lru,202.96889999997347
lru,0.010299999985363684
lru,202.4291999999832
lru,202.23200000003771
lru,204.1393999999741
lru,205.3210000000263
lru,204.16540000002215
lru,0.016199999947730248
lru,201.68130000001838
lru,203.1666000000314
lru,200.2650000000017
lru,201.76839999999174
lru,204.43380000000388
lru,203.41020000000753
lru,202.55370000000994
lru,204.55839999999625
lru,201.0526999999911
lru,203.46789999996417
lru,203.3711999999923
lru,203.60809999999674
lru,204.11659999996346
lru,200.36540000000969
lru,202.00700000003735
lru,200.33180000001494
lru,203.71819999996887
lru,204.4592000000307
lru,202.4620999999911
lru,202.47430000000577
lru,203.75900000004776
lru,0.007500000037907739
lru,203.1101000000035
lru,201.90279999997074
lru,203.3124000000157
lru,204.04239999999163
lru,0.0057000000310836185
lru,200.59100000003127
lru,204.19379999998455
lru,204.44429999997737
lru,205.30899999999974
lru,203.5472000000027
lru,203.14910000001873
lru,0.016599999980826396
lru,202.89280000002918
lru,203.6115999999879
lru,0.016200000004573667
lru,203.5144000000173
lru,205.09880000003022
lru,203.38470000001507
lru,201.94589999999835
lru,200.4144999999653
lru,203.5975999999664
lru,204.20759999996108
lru,0.012900000001536682
lru,202.63390000002346
lru,204.21279999999342
lru,0.014799999974002276
lru,0.008700000023509347
lru,201.5023999999812
lru,204.80450000002293
lru,0.02109999996946499
lru,202.70950000002586
lru,205.07529999997587
lru,202.90009999996528
lru,202.69690000003493
lru,214.73220000001447
lru,0.005900000019209983
lru,204.0770000000407
lru,203.84259999997312
lru,202.1378000000027
lru,203.33110000001398
lru,202.6144999999815
lru,0.005000000044219632
lru,204.22890000003235
lru,204.50610000000324
lru,0.012900000001536682
lru,202.26410000003625
lru,0.010299999985363684
lru,203.35929999998825
lru,203.4404000000336
lru,206.4416000000051
lru,202.92080000001533
lru,0.009999999974752427
lru,0.005199999975502578
lru,215.02800000001798
lru,203.6155999999778
lru,0.009099999999762076
lru,0.0034999999911633495
lru,201.5135999999984
lru,204.03490000001057
lru,202.76590000003125
lru,202.54880000004505
lru,203.10760000000982
lru,202.94799999999213
lru,203.10879999999543
lru,204.97000000000298
lru,203.73580000000402
lru,201.89099999998916
lru,202.20280000000912
lru,201.35500000003503
lru,203.15239999996493
lru,0.02159999996820261
lru,0.015399999995224789
lru,203.73330000001033
lru,201.8626999999924
lru,203.62670000002936
lru,205.01500000000306
lru,0.007200000027296483
lru,201.9557999999506
lru,201.44349999998212
lru,205.29690000000755
lru,201.6616999999883
lru,202.55589999999302
lru,203.2862000000364
lru,201.78419999996322
lru,203.89259999996057
lru,0.006400000017947605
lru,202.67480000001115
lru,204.3118000000277
lru,0.05700000002661909
lru,203.8671999999906
lru,205.39750000000367
lru,202.32749999996713
lru,204.12399999997888
lru,202.0834999999579
lru,201.58029999998917
lru,205.02010000001292
lru,203.79420000000437
lru,200.09480000004487
lru,204.75890000000163
lru,202.44930000001204
lru,203.9166999999793
lru,205.28760000001967
lru,202.21189999995204
lru,203.47309999999652
lru,202.54069999998592
lru,201.82660000000396
lru,214.941500000009
lru,203.19949999998244
lru,202.35710000002882
lru,201.29079999998112
lru,204.38070000000153
lru,202.31569999998555
lru,202.69310000003316
lru,203.85100000004286
lru,202.8874000000087
lru,0.016500000015184924
lru,204.43689999996195
lru,202.26710000002868
lru,200.54729999998244
lru,202.26960000002236
lru,205.092900000011
lru,0.011700000015935075
lru,200.37869999998748
lru,202.65720000003284
lru,203.73810000000958
slru,213.95510000002105
slru,204.70540000002302
slru,205.00099999998156
slru,205.27640000000247
slru,202.78559999997015
slru,204.75439999995615
slru,203.20599999996602
slru,202.61549999997897
slru,202.02410000001692
slru,202.92440000002898
slru,201.97350000000824
slru,203.4265000000346
slru,201.4332000000536
slru,204.02940000002445
slru,205.25109999999813
slru,206.1155000000099
slru,204.5712999999978
slru,202.38299999999754
slru,201.54059999998708
slru,215.0178999999639
slru,203.14059999998335
slru,203.50389999998697
slru,204.99879999999848
slru,203.46940000001723
slru,203.06890000000521
slru,204.77460000000747
slru,205.48860000002378
slru,205.18020000002934
slru,202.76960000001054
slru,203.75519999998914
slru,214.95799999996734
slru,203.7270999999805
slru,201.99600000000828
slru,202.8224000000023
slru,203.17520000003242
slru,201.36439999998856
slru,204.38349999994898
slru,203.1985999999506
slru,201.55349999998862
slru,204.70060000002377
slru,204.41929999998365
slru,201.32009999997535
slru,201.8419999999992
slru,204.5135999999843
slru,204.3780000000197
slru,202.7512000000229
slru,202.95379999998886
slru,203.59180000002652
slru,201.767899999993
slru,201.84929999999213
slru,204.85359999997854
slru,203.72000000003254
slru,204.98129999998582
slru,200.3580000000511
slru,202.08120000000918
slru,205.3364000000215
slru,203.97909999996955
slru,204.67680000001565
slru,202.59029999999711
slru,204.64950000001636
slru,204.3368000000214
slru,205.8590000000322
slru,205.5708999999979
slru,201.0394000000133
slru,202.0158000000265
slru,200.48929999995835
slru,0.009999999974752427
slru,203.25019999995675
slru,203.4524000000033
slru,203.2353000000171
slru,200.68380000003572
slru,204.10599999996748
slru,202.48300000002928
slru,204.97270000004164
slru,204.21500000003334
slru,203.43830000001617
slru,203.38590000000067
slru,0.017500000012660166
slru,203.3592000000226
slru,200.15790000002198
slru,202.661599999999
slru,204.1917999999896
slru,204.93349999998145
slru,203.72279999998
slru,203.47770000000764
slru,201.85290000000577
slru,204.16920000002392
slru,203.47670000001017
slru,200.7699000000116
slru,204.40990000003012
slru,200.70340000000897
slru,200.25289999995266
slru,204.64700000002267
slru,201.52599999994436
slru,202.6520000000005
slru,204.86459999995077
slru,202.62020000001257
slru,203.7091999999916
slru,204.36129999995956
slru,202.947800000004
slru,204.92920000003778
slru,206.42460000004803
slru,202.22209999997176
slru,201.36949999999842
slru,204.0774999999826
slru,207.0434999999975
slru,201.99679999996079
slru,203.20509999999103
slru,205.86209999999028
slru,205.72300000003452
slru,205.442000000005
slru,202.8722000000016
slru,203.77859999996417
slru,201.16070000000263
slru,201.94650000001957
slru,203.5784999999919
slru,203.84429999995746
slru,203.8035999999579
slru,203.13360000000102
slru,204.02289999998402
slru,204.0531000000101
slru,203.79459999998062
slru,201.51279999998906
slru,202.41759999998976
slru,202.70479999999225
slru,215.266999999983
slru,201.74689999998918
slru,205.18839999999727
slru,205.77079999998205
slru,202.05709999999044
slru,206.14920000002712
slru,201.78640000000314
slru,203.90580000002956
slru,201.92090000000462
slru,200.83729999998923
slru,204.52909999994517
slru,202.74219999998877
slru,200.6779000000165
slru,204.73499999997102
slru,201.82640000001584
slru,204.49300000001358
slru,202.9175000000123
slru,204.5163999999886
slru,203.27539999999544
slru,204.5888999999761
slru,203.74709999998686
slru,204.5453000000066
slru,202.24000000001752
slru,203.1185000000164
slru,200.49189999997452
slru,203.6295999999993
slru,204.26659999998265
slru,204.10100000003695
slru,203.09009999999716
slru,204.68759999999975
slru,202.4712999999565
slru,201.74049999997123
slru,203.49140000001853
slru,205.1437000000078
slru,204.31859999996504
slru,201.1741000000029
slru,0.02779999999802385
slru,201.78110000000515
slru,204.72139999998262
slru,206.32590000002438
slru,203.18059999999605
slru,203.58759999999165
slru,203.47709999998642
slru,204.8970999999824
slru,202.98590000004424
slru,205.1283000000126
slru,205.0527000000102
slru,202.2420999999781
slru,200.66859999997178
slru,202.13280000001532
slru,204.00860000000876
slru,202.08059999998795
slru,202.03400000002603
slru,204.2242999999644
slru,204.72639999997
slru,202.0625000000109
slru,0.025800000003073364
slru,202.17009999998936
slru,201.90750000000435
slru,202.60360000003175
slru,202.6162999999883
slru,202.74510000001555
slru,202.6806999999735
slru,204.22039999999697
slru,203.29479999998057
slru,200.8718000000158
slru,203.13820000001215
slru,201.4805000000024
slru,204.07159999996338
slru,203.58459999999923
slru,0.007600000003549212
slru,204.98510000004444
slru,206.89620000001696
slru,201.35390000001507
slru,201.50050000000874
slru,202.2574000000077
slru,201.82110000001785
slru,204.60489999999254
slru,200.97670000001244
slru,202.35009999998965
slru,203.70100000002367
slru,203.92689999999902
slru,204.99180000001616
slru,206.50660000001153
slru,203.784799999994
slru,0.008299999990413198
slru,214.10090000000537
slru,200.44009999998025
slru,204.5228999999722
slru,201.01790000001074
slru,203.32089999999425
slru,201.3058000000001
slru,204.71780000002582
slru,203.34430000002612
slru,202.021899999977
slru,203.41860000002043
slru,203.2652999999982
slru,202.8953999999885
slru,202.05579999998236
slru,202.22499999999854
slru,204.2238000000225
slru,215.02859999998236
slru,203.19030000001703
slru,206.47889999997915
slru,203.20659999998725
slru,0.01500000001897206
slru,0.002400000028046634
slru,200.53430000001526
slru,203.4357
slru,202.98669999999674
slru,204.13140000005114
slru,200.63499999997703
slru,0.008299999990413198
slru,204.228999999998
slru,204.4853000000444
slru,203.45989999998437
slru,203.1982000000312
slru,204.023100000029
slru,203.00120000001698
slru,201.8956000000003
slru,202.88229999999885
slru,204.9346000000014
slru,203.41220000000249
slru,202.30839999999262
slru,200.5100000000084
slru,203.68739999997842
slru,204.4627999999875
slru,202.33899999999494
slru,0.024900000028083014
slru,204.98179999998456
slru,204.59190000002536
slru,205.3592999999978
slru,204.1657999999984
slru,201.98360000000548
slru,204.06199999996488
slru,201.9070000000056
slru,202.7686999999787
slru,201.1653999999794
slru,202.6779999999917
slru,204.53270000001567
slru,215.17159999996238
slru,202.75929999996833
slru,202.364799999998
slru,205.65659999999752
slru,203.63580000002912
slru,202.96189999999115
slru,205.5723999999941
slru,203.61209999998664
slru,200.84370000000717
slru,203.23799999999892
slru,205.56210000000874
slru,204.05140000002575
slru,205.3561999999829
slru,202.62500000001182
slru,202.91670000000295
slru,205.17169999999396
slru,201.84359999996104
slru,202.94330000001537
slru,202.52540000001318
slru,203.85529999998653
slru,201.6608000000133
slru,204.2882000000077
slru,201.2333000000126
slru,202.07529999998997
slru,203.06850000002896
slru,203.8171000000375
slru,202.7823999999896
slru,201.0458999999969
slru,202.96039999999493
slru,202.2878000000219
slru,204.8786000000291
slru,202.32029999999668
slru,200.10650000000396
slru,204.7223999999801
slru,203.4811999999988
slru,202.19729999996616
slru,205.5751999999984
slru,201.93969999996852
slru,202.7459000000249
slru,203.01049999994802
slru,202.5836000000254
slru,203.88200000002143
slru,0.024899999971239595
slru,202.63660000000527
slru,202.79070000003685
slru,201.8171999999936
slru,203.4661000000142
slru,204.44730000002664
slru,200.77370000001338
slru,204.45460000001958
slru,202.45660000000498
slru,203.71399999999085
slru,204.56029999996872
slru,202.44790000003832
slru,204.22789999997804
slru,204.81799999998884
slru,201.63059999998723
slru,201.48769999997285
slru,201.60110000000486
slru,203.58349999997927
slru,203.0325999999718
slru,203.89030000001185
slru,202.63259999995853
slru,201.5476999999919
slru,202.68620000001647
slru,202.50249999998005
slru,205.4121000000464
slru,203.95299999995586
slru,202.17480000002297
slru,203.85559999999714
slru,201.59310000002506
slru,201.56100000002652
slru,203.08600000004162
slru,203.47069999996847
slru,201.23960000000807
slru,202.20480000000407
slru,201.6471000000024
slru,202.96369999999797
slru,203.05860000001985
slru,203.63450000002103
slru,200.4933000000051
slru,202.94130000002042
slru,202.24969999998166
slru,205.75289999999313
slru,203.98679999999558
slru,202.27479999999787
slru,201.80529999998953
slru,204.8295999999823
slru,203.95009999998592
slru,202.65260000002172
slru,200.07620000001225
slru,201.18639999998322
slru,202.27800000003526
slru,202.32110000000603
slru,203.6736000000019
slru,200.42119999999386
slru,204.67170000000579
slru,202.75309999999536
slru,203.4484000000134
slru,203.4020000000396
slru,202.50549999997247
slru,203.9091000000326
slru,204.36319999998886
slru,202.88960000004863
slru,200.30030000003762
slru,202.90299999999206
slru,205.48819999999068
slru,203.27240000000302
slru,204.31840000003376
slru,203.1537999999955
slru,203.55200000000195
slru,200.76480000000174
slru,202.92260000002216
slru,202.80249999996158
slru,205.0442999999973
slru,200.97490000000562
slru,201.29430000002912
slru,204.65350000000626
slru,201.8175000000042
slru,204.0113999999562
slru,202.77110000000675
slru,204.46449999997185
slru,203.08770000002596
slru,205.23410000004105
slru,203.46100000000433
slru,202.24389999998493
slru,202.29720000003226
slru,215.12089999998807
slru,203.48260000002938
slru,201.76370000001498
slru,201.73330000000078
slru,202.7503000000479
slru,203.02199999997583
slru,202.83190000003515
slru,201.21430000000373
slru,203.5644999999704
slru,202.20790000001898
slru,204.6237000000133
slru,202.50559999999496
slru,200.2920000000472
slru,203.1090999999492
slru,203.7146999999777
slru,202.4172000000135
slru,202.5861000000191
slru,203.1266000000187
slru,204.95360000001028
slru,204.5808999999963
slru,204.61109999996552
slru,202.38110000002507
slru,203.2161000000201
slru,202.4467999999615
slru,200.1638000000412
slru,206.39589999996133
slru,203.5443999999984
slru,203.87210000001232
slru,203.8158000000294
slru,205.09459999999535
slru,203.048200000012
slru,204.3472999999949
slru,205.13599999998178
slru,203.37820000003148
slru,206.47029999997812
slru,200.80169999999953
slru,202.30500000002394
slru,206.40759999997726
slru,201.5775000000417
slru,205.25070000002188
slru,203.40070000003152
slru,204.32620000002544
slru,204.304000000036
slru,204.12910000004558
slru,202.24949999999353
slru,204.5696999999791
slru,0.023499999997511622
slru,203.93000000001393
slru,215.33529999999246
slru,204.4091999999864
slru,204.21440000001212
slru,203.81609999998318
slru,206.24809999998206
slru,202.9346999999575
slru,205.16209999999546
slru,202.58100000000923
slru,202.36629999999423
slru,201.20609999997896
slru,203.39059999997744
slru,202.49039999998786
slru,201.6072000000122
slru,0.013599999988400668
slru,202.07550000009178
slru,203.57460000002447
slru,204.81859999995322
slru,203.04029999999784
slru,205.12040000005527
slru,204.29760000001806
slru,202.68770000006953
slru,206.52769999992415
slru,0.03049999997983832
slru,204.91040000001703
slru,202.92159999996784
slru,204.6331999999893
slru,202.85660000001826
slru,202.43679999998676
slru,0.032899999951041536
slru,205.1262999999608
slru,205.11880000003657
slru,201.55239999996866
slru,203.1800000000885
slru,202.30500000002394
slru,202.85969999997633
slru,202.6436000001013
slru,204.83709999996336
slru,206.10280000005332
slru,202.2894000000406
slru,202.7946000000611
slru,204.31790000009187
slru,203.99800000006962
slru,202.795100000003
slru,203.3596999999645
slru,0.019700000052580435
slru,0.018199999999524152
slru,203.8127999999233
slru,202.93839999999363
slru,202.01289999999972
slru,203.6743999999544
slru,0.02469999992626981
slru,203.1372999999803
slru,200.7939999999735
slru,203.4519999999702
slru,204.01570000001357
slru,203.50029999997332
slru,203.29479999998057
slru,205.3720000000112
slru,203.73449999999593
slru,0.008800000045994238
slru,0.008800000045994238
slru,0.008800000045994238
slru,0.008800000045994238
slru,0.008800000045994238
slru,202.5201000000152
slru,204.21829999997954
slru,202.4081000000706
slru,0.008800000045994238
slru,0.008800000045994238
slru,0.008800000045994238
slru,0.008800000045994238
slru,0.008800000045994238
slru,214.8452000000134
slru,205.2330000000211
slru,205.70210000005318
slru,203.4931000000597
slru,201.42490000000635
slru,203.6931000000095
slru,205.45429999992848
slru,205.53780000000188
slru,202.6775000000498
slru,202.72139999997307
slru,204.96140000000196
slru,200.10309999997844
slru,0.008800000045994238
slru,0.008800000045994238
slru,0.008800000045994238
slru,0.008800000045994238
slru,0.008800000045994238
slru,201.8861999999899
slru,204.91600000002563
slru,203.406100000052
slru,203.14080000002832
slru,201.49209999999584
slru,201.90779999995812
slru,0.008800000045994238
slru,0.008800000045994238
slru,0.008800000045994238
slru,0.008800000045994238
slru,0.008800000045994238
slru,0.05160000000614673
slru,200.76480000000174
slru,201.47020000001703
slru,203.67539999995188
slru,203.14440000004197
slru,0.005499999929270416
slru,214.85619999998562
slru,0.00529999999798747
slru,0.008800000045994238
slru,0.008800000045994238
slru,0.008800000045994238
slru,0.008800000045994238
slru,0.008800000045994238
slru,200.94879999999193
slru,202.89119999995364
slru,0.008800000045994238
slru,0.008800000045994238
slru,0.008800000045994238
slru,0.008800000045994238
slru,0.008800000045994238
slru,205.47990000000027
slru,203.736000000049
slru,205.04790000006778
slru,0.0072999999929379555
slru,204.00229999995645
slru,204.7355999999354
slru,202.92659999995522
slru,205.29260000000704
slru,201.67720000006284
slru,200.38080000006175
slru,202.61300000004212
slru,205.00730000003387
slru,203.2976000000417
slru,205.04640000001473
slru,0.00580000005356851
slru,201.927499999897
slru,0.008800000045994238
slru,0.008800000045994238
slru,0.008800000045994238
slru,0.008800000045994238
slru,0.008800000045994238
slru,202.30500000002394
slru,202.64940000004117
slru,201.92680000002383
slru,203.54550000001836
slru,203.62950000003366
slru,203.54220000001533
slru,0.008800000045994238
slru,0.008800000045994238
slru,0.008800000045994238
slru,0.008800000045994238
slru,0.008800000045994238
slru,0.008800000045994238
slru,203.74600000002374
slru,200.636099999997
slru,204.09139999992476
slru,201.3449999999466
slru,0.008800000045994238
slru,0.008800000045994238
slru,0.008800000045994238
slru,0.008800000045994238
slru,0.008800000045994238
slru,0.008800000045994238
slru,0.034700000014709076
slru,201.6448000000537
slru,201.11569999994572
slru,204.0150000000267
slru,201.99539999998706
slru,205.1853000000392
slru,201.66600000004564
slru,201.7702000000554
slru,203.88789999992696
slru,204.3128999999908
slru,202.40269999999327
slru,202.92910000000575
slru,203.458400000045
slru,0.020599999970727367
slru,214.17669999993905
slru,203.18190000000413
slru,203.6256000000094
slru,202.6935000000094
slru,203.11159999994288
slru,205.60829999999441
slru,202.59299999997893
slru,206.13249999996697
slru,200.75770000005377
slru,204.43249999993895
slru,202.97610000000077
slru,201.75189999997656
slru,201.42970000006244
slru,204.12750000002688
slru,204.86970000001747
slru,203.64389999997456
slru,201.3617999999724
slru,201.711199999977
slru,206.285899999898
slru,214.95440000001054
slru,205.07470000006833
slru,202.19520000000557
slru,203.64150000000336
slru,201.25770000004195
slru,202.78289999998833
slru,202.54699999998138
slru,203.6027000000331
slru,202.41599999997106
slru,202.2392999999738
slru,204.00500000005195
slru,201.84870000002775
slru,202.18439999996463
slru,0.03400000002784509
slru,204.14679999998953
slru,203.35439999996652
slru,201.2373000000025
slru,200.96879999994144
slru,202.7755999999954
slru,204.33159999993222
slru,203.49309999994603
slru,203.3916999999974
slru,203.07079999997768
slru,203.40949999990698
slru,204.37919999994847
slru,202.49809999995705
slru,201.99730000001637
slru,202.5108000000273
slru,202.484400000003
slru,202.2433000000774
slru,204.0625000000773
slru,203.78849999997328
slru,201.63990000003196
slru,0.011200000017197453
slru,202.96959999996034
slru,205.42069999999057
slru,205.4855999999745
slru,202.47600000004695
slru,202.99199999999473
slru,0.014200000009623182
slru,201.28160000001571
slru,0.02159999996820261
slru,205.03599999995004
slru,214.48529999997845
slru,200.40050000000065
slru,204.06049999996867
slru,0.005599999894911889
slru,202.7270999999473
slru,202.86620000001676
slru,0.007999999979801942
slru,204.03510000005554
slru,202.77820000001157
slru,0.013100000046506466
slru,0.008800000045994238
slru,0.008800000045994238
slru,0.008800000045994238
slru,0.008800000045994238
slru,0.008800000045994238
slru,0.008800000045994238
slru,206.46399999998266
slru,199.73060000006626
slru,0.005700000087927037
slru,200.77409999998963
slru,203.40590000000702
slru,0.02239999992070807
slru,205.3725000000668
slru,202.6563999999098
slru,0.010199999906035373
slru,0.002300000005561742
slru,201.73250000004828
slru,202.59569999996074
slru,0.008800000045994238
slru,0.008800000045994238
slru,0.008800000045994238
slru,0.008800000045994238
slru,0.008800000045994238
slru,0.008800000045994238
slru,0.008800000045994238
slru,0.008800000045994238
slru,0.008800000045994238
slru,203.97099999991042
slru,202.17589999992924
slru,0.015800000028320937
slru,200.71809999990364
slru,202.4468000000752
slru,203.2196999999769
slru,204.42429999991418
slru,204.07840000007127
slru,0.009399999953529914
slru,0.008800000045994238
slru,0.008800000045994238
slru,0.008800000045994238
slru,0.008800000045994238
slru,0.008800000045994238
slru,0.008800000045994238
slru,201.8359999999575
slru,204.2737000000443
slru,201.7131000000063
slru,201.51690000000144
slru,203.22379999993245
slru,202.91819999999916
slru,202.9215000000022
slru,0.01720000000204891
slru,204.37749999996413
slru,200.1554999999371
slru,201.52659999996558
slru,202.92670000003454
slru,201.52499999994689
slru,0.008800000045994238
slru,0.008800000045994238
slru,0.008800000045994238
slru,0.008800000045994238
slru,0.008800000045994238
slru,0.008800000045994238
slru,204.72240000003694
slru,203.31839999994372
slru,202.1121000000221
slru,0.013599999988400668
slru,206.20229999997264
slru,200.09550000008858
slru,203.919199999973
slru,0.009399999953529914
slru,214.70690000001014
slru,203.90769999994518
slru,0.008800000045994238
slru,0.008800000045994238
slru,0.008800000045994238
slru,0.008800000045994238
slru,0.008800000045994238
slru,0.008800000045994238
slru,202.77610000005097
slru,203.68050000001858
slru,203.6880000000565
slru,0.022599999965677853
slru,201.8527999999833
slru,0.008800000045994238
slru,0.008800000045994238
slru,0.008800000045994238
slru,0.008800000045994238
slru,0.008800000045994238
slru,0.008800000045994238
slru,209.88900000008925
slru,203.61559999992096
slru,204.0501999999833
slru,204.43580000005568
slru,202.82959999997274
slru,203.8026999999829
slru,201.48459999995794
slru,203.51770000002034
slru,203.4315000000788
slru,203.93839999997
slru,201.8030000000408
slru,202.3398000000043
slru,202.78739999992013
slru,204.04580000001715
slru,203.46010000002934
slru,203.51909999999407
slru,0.008800000045994238
slru,0.008800000045994238
slru,0.008800000045994238
slru,0.008800000045994238
slru,0.008800000045994238
slru,0.008800000045994238
slru,203.06540000001405
slru,203.89360000001489
slru,203.13129999999546
slru,203.52409999998144
slru,200.92880000004243
slru,0.01280000003589521
slru,200.45860000004723
slru,202.9393999999911
slru,201.7083000000639
slru,201.48459999995794
slru,203.51770000002034
slru,203.4315000000788
slru,203.93839999997
slru,201.8030000000408
slru,202.3398000000043
slru,202.78739999992013
slru,204.04580000001715
slru,203.46010000002934
slru,203.51909999999407
slru,201.48459999995794
slru,203.51770000002034
slru,203.4315000000788
slru,203.93839999997
slru,201.8030000000408
slru,202.3398000000043
slru,202.78739999992013
slru,204.04580000001715
slru,203.46010000002934
slru,203.51909999999407
slru,201.48459999995794
slru,203.51770000002034
slru,203.4315000000788
slru,203.93839999997
slru,201.8030000000408
slru,202.3398000000043
slru,202.78739999992013
slru,204.04580000001715
slru,203.46010000002934
slru,203.51909999999407
slru,201.48459999995794
slru,203.51770000002034
slru,203.4315000000788
slru,203.93839999997
slru,201.8030000000408
slru,202.3398000000043
slru,202.78739999992013
slru,204.04580000001715
slru,203.46010000002934
slru,203.51909999999407
slru,201.48459999995794
slru,203.51770000002034
slru,203.4315000000788
slru,203.93839999997
slru,201.8030000000408
slru,202.3398000000043
slru,202.78739999992013
slru,204.04580000001715
slru,203.46010000002934
slru,203.51909999999407
slru,201.48459999995794
slru,203.51770000002034
slru,203.4315000000788
slru,203.93839999997
slru,201.8030000000408
slru,202.3398000000043
slru,202.78739999992013
slru,204.04580000001715
slru,203.46010000002934
slru,203.51909999999407
slru,201.48459999995794
slru,203.51770000002034
slru,203.4315000000788
slru,203.93839999997
slru,201.8030000000408
slru,202.3398000000043
slru,202.78739999992013
slru,204.04580000001715
slru,203.46010000002934
slru,203.51909999999407
slru,201.48459999995794
slru,203.51770000002034
slru,203.4315000000788
slru,203.93839999997
slru,201.8030000000408
slru,202.3398000000043
slru,202.78739999992013
slru,204.04580000001715
slru,203.46010000002934
slru,203.51909999999407
slru,201.48459999995794
slru,203.51770000002034
slru,203.4315000000788
slru,203.93839999997
slru,201.8030000000408
slru,202.3398000000043
slru,202.78739999992013
slru,204.04580000001715
slru,203.46010000002934
slru,203.51909999999407
slru,201.48459999995794
slru,203.51770000002034
slru,203.4315000000788
slru,203.93839999997
slru,201.8030000000408
slru,202.3398000000043
slru,202.78739999992013
slru,204.04580000001715
slru,203.46010000002934
slru,203.51909999999407
slru,201.48459999995794
slru,203.51770000002034
slru,203.4315000000788
slru,203.93839999997
slru,201.8030000000408
slru,202.3398000000043
slru,202.78739999992013
slru,204.04580000001715
slru,203.46010000002934
slru,203.51909999999407
slru,201.48459999995794
slru,203.51770000002034
slru,203.4315000000788
slru,203.93839999997
slru,201.8030000000408
slru,202.3398000000043
slru,202.78739999992013
slru,204.04580000001715
slru,203.46010000002934
slru,203.51909999999407
slru,201.48459999995794
slru,203.51770000002034
slru,203.4315000000788
slru,203.93839999997
slru,201.8030000000408
slru,202.3398000000043
slru,202.78739999992013
slru,204.04580000001715
slru,203.46010000002934
slru,203.51909999999407
slru,201.48459999995794
slru,203.51770000002034
slru,203.4315000000788
slru,203.93839999997
slru,201.8030000000408
slru,202.3398000000043
slru,202.78739999992013
slru,204.04580000001715
slru,203.46010000002934
slru,203.51909999999407
slru,201.48459999995794
slru,203.51770000002034
slru,203.4315000000788
slru,203.93839999997
slru,201.8030000000408
slru,202.3398000000043
slru,202.78739999992013
slru,204.04580000001715
slru,203.46010000002934
slru,203.51909999999407
slru,201.48459999995794
slru,203.51770000002034
slru,203.4315000000788
slru,203.93839999997
slru,201.8030000000408
slru,202.3398000000043
slru,202.78739999992013
slru,204.04580000001715
slru,203.46010000002934
slru,203.51909999999407
slru,201.48459999995794
slru,203.51770000002034
slru,203.4315000000788
slru,203.93839999997
slru,201.8030000000408
slru,202.3398000000043
slru,202.78739999992013
slru,204.04580000001715
slru,203.46010000002934
slru,203.51909999999407
slru,201.48459999995794
slru,203.51770000002034
slru,203.4315000000788
slru,203.93839999997
slru,201.8030000000408
slru,202.3398000000043
slru,202.78739999992013
slru,204.04580000001715
slru,203.46010000002934
slru,203.51909999999407
slru,201.48459999995794
slru,203.51770000002034
slru,203.4315000000788
slru,203.93839999997
slru,201.8030000000408
slru,202.3398000000043
slru,202.78739999992013
slru,204.04580000001715
slru,203.46010000002934
slru,203.51909999999407
slru,201.48459999995794
slru,203.51770000002034
